Link,Player,K,HB,D,M,G,B,T,HO,GA,I50,CL,CG,R50,FF,FA,AF,SC
pp-richmond-tigers--jack-graham,Jack Graham,22,11,33,5,0,1,3,0,1,11,5,4,1,2,1,115,120
pp-richmond-tigers--dustin-martin,Dustin Martin,19,12,31,7,2,2,4,0,4,8,5,2,0,2,1,131,158
pp-richmond-tigers--kane-lambert,Kane Lambert,13,15,28,6,0,1,1,0,1,4,1,6,1,0,2,86,67
pp-richmond-tigers--shane-edwards,Shane Edwards,11,16,27,2,0,0,3,0,1,3,3,1,1,1,0,84,111
pp-richmond-tigers--dion-prestia,Dion Prestia,12,13,25,3,0,1,4,0,0,1,9,5,4,2,1,87,82
pp-richmond-tigers--shai-bolton,Shai Bolton,13,12,25,2,1,1,1,0,1,8,9,4,0,0,1,77,85
pp-richmond-tigers--jayden-short,Jayden Short,21,2,23,5,0,0,3,0,0,4,0,2,9,0,0,94,100
pp-richmond-tigers--josh-caddy,Josh Caddy,12,5,17,4,1,1,2,0,0,3,0,3,2,0,0,73,76
pp-richmond-tigers--liam-baker,Liam Baker,4,11,15,0,0,0,0,0,1,4,0,6,1,0,3,25,48
pp-richmond-tigers--kamdyn-mcintosh,Kamdyn Mcintosh,8,5,13,3,0,0,1,0,0,3,2,4,3,3,1,47,56
pp-richmond-tigers--jason-castagna,Jason Castagna,8,5,13,4,2,2,0,0,0,2,0,0,0,0,0,60,54
pp-richmond-tigers--marlion-pickett,Marlion Pickett,7,6,13,5,0,0,3,0,0,4,0,6,3,0,3,51,57
pp-richmond-tigers--toby-nankervis,Toby Nankervis,4,8,12,0,0,0,1,26,0,1,3,2,0,0,1,55,76
pp-richmond-tigers--jake-aarts,Jake Aarts,7,5,12,2,2,0,2,0,0,3,0,4,0,0,3,48,67
pp-richmond-tigers--thomas-lynch,Tom Lynch,6,5,11,4,1,1,0,1,0,2,0,4,0,0,2,42,43
pp-richmond-tigers--nick-vlastuin,Nick Vlastuin,6,5,11,2,0,0,1,0,0,0,0,2,2,0,1,35,39
pp-richmond-tigers--noah-balta,Noah Balta,10,1,11,4,0,1,1,3,0,3,2,2,0,0,1,49,75
pp-richmond-tigers--jack-riewoldt,Jack Riewoldt,9,1,10,4,4,2,5,0,0,3,0,3,0,1,1,85,93
pp-richmond-tigers--dylan-grimes,Dylan Grimes,4,6,10,2,0,0,2,0,0,1,0,2,0,0,1,35,40
pp-richmond-tigers--daniel-rioli,Daniel Rioli,6,4,10,4,2,1,1,0,0,1,0,3,0,1,0,56,57
pp-richmond-tigers--david-astbury,David Astbury,4,5,9,4,0,0,1,2,1,1,0,2,2,2,1,39,49
pp-richmond-tigers--nathan-broad,Nathan Broad,4,5,9,3,0,0,0,0,0,0,0,1,1,0,1,28,45
pp-richmond-tigers--jack-ross,Jack Ross,6,2,8,2,0,0,4,0,1,5,1,1,0,1,0,45,48
pp-carlton-blues--sam-walsh,Sam Walsh,12,19,31,6,0,1,3,0,1,3,6,5,3,2,4,95,122
pp-carlton-blues--edward-curnow,Edward Curnow,16,13,29,8,0,0,1,0,1,1,7,5,4,0,1,99,94
pp-carlton-blues--patrick-cripps,Patrick Cripps,8,20,28,2,0,1,4,0,1,3,5,4,2,3,1,87,88
pp-carlton-blues--jack-newnes,Jack Newnes,14,13,27,10,0,0,1,0,0,2,2,2,3,2,0,104,109
pp-carlton-blues--adam-saad,Adam Saad,16,9,25,5,0,0,4,0,0,4,2,3,6,2,0,99,114
pp-carlton-blues--sam-docherty,Sam Docherty,23,1,24,5,0,0,1,0,0,1,1,3,11,1,0,91,94
pp-carlton-blues--zac-fisher,Zac Fisher,10,10,20,3,0,2,1,0,1,4,1,4,0,0,0,65,73
pp-carlton-blues--lachlan-fogarty,Lachlan Fogarty,12,8,20,4,0,1,2,0,0,3,0,2,0,2,1,72,78
pp-carlton-blues--paddy-dow,Paddy Dow,10,8,18,0,1,1,3,0,1,5,1,5,0,2,1,64,60
pp-carlton-blues--will-setterfield,Will Setterfield,11,6,17,6,0,2,2,0,1,2,2,0,0,0,0,73,82
pp-carlton-blues--sam-petrevski-seton,Sam P-Seton,12,3,15,3,0,0,1,0,0,0,1,2,5,1,0,56,52
pp-carlton-blues--michael-gibbons,Michael Gibbons,8,7,15,7,2,0,1,0,1,2,1,1,1,0,0,75,77
pp-carlton-blues--jacob-weitering,Jacob Weitering,11,3,14,5,0,0,1,0,0,0,1,2,9,0,1,55,67
pp-carlton-blues--tom-williamson,Tom Williamson,8,4,12,3,0,0,0,0,1,2,0,1,2,0,1,38,52
pp-carlton-blues--marc-murphy,Marc Murphy,8,3,11,4,0,0,3,0,1,3,0,1,0,0,0,54,54
pp-carlton-blues--liam-jones,Liam Jones,9,1,10,2,0,0,0,0,0,0,1,4,5,2,2,31,52
pp-carlton-blues--harry-mckay,Harry McKay,7,3,10,6,2,3,0,0,1,1,0,1,0,0,0,60,69
pp-carlton-blues--lachlan-plowman,Lachlan Plowman,8,1,9,3,1,0,1,0,0,0,0,0,4,1,0,46,61
pp-carlton-blues--oscar-mcdonald,Oscar McDonald,8,1,9,3,2,1,2,0,0,2,0,2,0,3,1,56,53
pp-carlton-blues--marc-pittonet,Marc Pittonet,4,5,9,3,0,0,0,34,0,0,2,1,3,1,0,66,85
pp-carlton-blues--lochie-o-brien,Lochie O'Brien,7,2,9,1,1,0,4,0,0,1,0,2,1,2,0,52,50
pp-carlton-blues--levi-casboult,Levi Casboult,7,1,8,3,1,0,1,1,0,0,1,3,0,1,2,38,35
pp-carlton-blues--jack-silvagni,Jack Silvagni,6,1,7,2,1,0,2,0,0,2,0,1,0,0,0,40,33
pp-collingwood-magpies--scott-pendlebury,Scott Pendlebury,15,10,25,4,0,1,5,0,2,7,4,8,2,1,2,93,102
pp-collingwood-magpies--jack-crisp,Jack Crisp,17,6,23,7,1,0,2,0,0,3,4,6,6,2,3,91,84
pp-collingwood-magpies--john-noble,John Noble,18,4,22,5,0,0,2,0,0,0,2,3,3,4,1,86,90
pp-collingwood-magpies--brayden-maynard,Brayden Maynard,18,3,21,4,0,0,4,0,0,2,0,2,7,2,0,90,106
pp-collingwood-magpies--taylor-adams,Taylor Adams,8,12,20,2,0,0,4,0,0,3,8,7,0,1,1,68,42
pp-collingwood-magpies--jack-madgen,Jack Madgen,8,11,19,7,0,0,3,0,0,0,0,2,4,0,0,79,79
pp-collingwood-magpies--darcy-moore,Darcy Moore,14,4,18,12,0,0,1,0,0,0,0,3,5,1,2,85,119
pp-collingwood-magpies--jordan-de-goey,Jordan De Goey,10,6,16,1,0,3,4,0,2,4,4,3,1,0,1,61,69
pp-collingwood-magpies--mason-cox,Mason Cox,11,4,15,6,2,1,0,7,0,3,2,2,1,1,1,77,68
pp-collingwood-magpies--jordan-roughead,Jordan Roughead,9,5,14,6,0,0,1,0,0,2,0,4,6,1,1,57,66
pp-collingwood-magpies--josh-thomas,Josh Thomas,8,5,13,4,0,3,0,0,0,1,0,1,1,3,0,52,51
pp-collingwood-magpies--jeremy-howe,Jeremy Howe,11,2,13,6,0,0,3,0,0,0,0,0,5,1,0,68,83
pp-collingwood-magpies--tyler-brown,Tyler Brown,6,7,13,5,0,0,2,0,0,2,0,1,0,0,0,55,53
pp-collingwood-magpies--isaac-quaynor,Isaac Quaynor,9,4,13,4,0,0,3,0,0,2,0,1,3,0,0,59,62
pp-collingwood-magpies--jamie-elliott-1,Jamie Elliott,7,5,12,3,2,0,2,0,0,2,0,1,1,1,1,58,55
pp-collingwood-magpies--will-hoskin-elliott,Will H-Elliott,4,8,12,2,0,0,4,0,1,1,1,5,0,0,3,41,43
pp-collingwood-magpies--brodie-grundy,Brodie Grundy,8,3,11,3,0,0,3,39,0,1,3,3,2,1,2,85,70
pp-collingwood-magpies--brody-mihocek,Brody Mihocek,7,4,11,6,2,2,2,0,0,3,0,3,0,0,1,66,67
pp-collingwood-magpies--brayden-sier,Brayden Sier,1,8,9,0,0,0,4,0,0,1,2,0,0,0,0,35,37
pp-collingwood-magpies--josh-daicos,Josh Daicos,2,7,9,1,0,0,1,0,0,2,2,3,1,1,3,19,30
pp-collingwood-magpies--oliver-henry,Oliver Henry,4,0,4,1,0,0,0,0,0,0,0,3,1,0,0,15,9
pp-collingwood-magpies--trey-ruscoe,Trey Ruscoe,2,1,3,2,0,0,2,0,1,1,0,2,0,0,2,16,13
pp-western-bulldogs--bailey-smith,Bailey Smith,23,13,36,8,2,0,3,0,0,5,3,9,2,3,5,131,123
pp-western-bulldogs--jackson-macrae,Jackson Macrae,17,18,35,7,0,0,7,0,1,4,3,4,1,2,1,135,118
pp-western-bulldogs--lachlan-hunter,Lachlan Hunter,16,15,31,11,0,0,1,0,2,4,3,2,1,0,0,115,100
pp-western-bulldogs--josh-dunkley,Josh Dunkley,13,17,30,7,0,1,3,0,1,3,2,3,2,0,0,107,113
pp-western-bulldogs--thomas-liberatore,Thomas Liberatore,14,14,28,3,0,1,7,0,0,5,7,2,2,1,2,103,108
pp-western-bulldogs--marcus-bontempelli,Marcus Bontempelli,13,15,28,9,0,1,3,0,1,2,3,6,1,1,3,101,92
pp-western-bulldogs--caleb-daniel,Caleb Daniel,18,10,28,5,0,0,5,0,0,3,1,1,5,2,0,111,107
pp-western-bulldogs--bailey-williams,Bailey Williams,20,7,27,7,0,0,4,0,0,3,0,3,6,1,2,106,121
pp-western-bulldogs--patrick-lipinski,Patrick Lipinski,9,17,26,4,0,0,2,0,0,3,2,1,3,1,0,82,95
pp-western-bulldogs--taylor-duryea,Taylor Duryea,15,7,22,9,0,0,1,0,0,0,0,1,2,0,1,87,88
pp-western-bulldogs--alex-keath,Alex Keath,15,3,18,9,0,0,4,0,0,2,0,1,4,2,0,96,85
pp-western-bulldogs--adam-treloar,Adam Treloar,7,11,18,2,0,0,3,0,1,3,5,4,1,1,1,59,63
pp-western-bulldogs--bailey-dale,Bailey Dale,12,4,16,3,0,0,1,0,0,2,0,2,3,1,1,55,72
pp-western-bulldogs--anthony-scott,Anthony Scott,9,7,16,1,0,1,1,0,0,5,0,0,0,3,0,52,56
pp-western-bulldogs--stefan-martin,Stefan Martin,6,9,15,1,1,0,2,15,0,0,6,3,0,3,1,68,94
pp-western-bulldogs--josh-bruce,Josh Bruce,11,4,15,11,1,0,1,0,1,4,0,3,0,1,0,85,70
pp-western-bulldogs--aaron-naughton,Aaron Naughton,10,5,15,7,2,0,1,0,0,6,0,3,0,0,0,77,64
pp-western-bulldogs--timothy-english,Timothy English,10,4,14,8,1,1,2,4,0,0,1,1,0,1,0,82,96
pp-western-bulldogs--laitham-vandermeer,Laitham Vandermeer,5,9,14,1,2,0,4,0,0,2,1,1,0,1,0,65,98
pp-western-bulldogs--mitchell-wallis,Mitchell Wallis,4,9,13,3,0,1,1,0,0,2,1,3,0,0,1,41,45
pp-western-bulldogs--ryan-gardner,Ryan Gardner,7,4,11,7,0,0,1,0,0,0,0,0,1,0,0,54,66
pp-western-bulldogs--lachlan-mcneil,Lachlan McNeil,5,4,9,1,1,0,0,0,0,1,0,8,0,0,2,26,26
pp-melbourne-demons--clayton-oliver,Clayton Oliver,10,25,35,6,0,0,3,0,0,3,7,5,3,0,1,107,122
pp-melbourne-demons--steven-may,Steven May,21,3,24,8,0,0,0,0,0,3,1,4,8,2,1,92,117
pp-melbourne-demons--christian-petracca,Christian Petracca,13,11,24,2,2,1,3,0,0,5,1,7,1,1,1,90,98
pp-melbourne-demons--ed-langdon,Ed Langdon,13,9,22,5,1,1,4,0,0,2,1,3,4,0,0,95,105
pp-melbourne-demons--james-harmes,James Harmes,11,9,20,6,1,1,2,0,0,3,1,6,2,2,0,86,64
pp-melbourne-demons--nathan-jones,Nathan Jones,9,9,18,4,0,1,0,0,1,4,0,2,3,0,0,58,51
pp-melbourne-demons--tom-mcdonald,Tom McDonald,12,6,18,9,2,2,5,5,1,6,0,5,0,2,2,110,94
pp-melbourne-demons--christian-salem,Christian Salem,11,7,18,6,0,0,1,0,0,1,1,3,4,0,1,66,73
pp-melbourne-demons--jake-lever,Jake Lever,15,3,18,7,0,1,3,0,0,3,0,2,5,2,0,87,129
pp-melbourne-demons--angus-brayshaw,Angus Brayshaw,9,9,18,4,0,1,4,0,0,3,0,5,0,2,1,73,76
pp-melbourne-demons--alex-neal-bullen,Alex N-Bullen,11,6,17,3,0,0,0,0,0,5,5,3,1,1,0,55,71
pp-melbourne-demons--charlie-spargo,Charlie Spargo,8,8,16,2,1,0,5,0,3,3,0,2,1,2,1,71,108
pp-melbourne-demons--adam-tomlinson,Adam Tomlinson,13,2,15,7,0,0,2,0,0,2,0,3,4,0,1,69,82
pp-melbourne-demons--james-jordan,James Jordan,10,5,15,5,1,1,5,0,2,3,1,3,0,1,1,80,78
pp-melbourne-demons--trent-rivers,Trent Rivers,7,7,14,3,0,0,0,0,0,1,0,4,2,0,1,41,34
pp-melbourne-demons--max-gawn,Max Gawn,6,6,12,4,0,0,1,30,0,1,3,3,4,0,1,73,93
pp-melbourne-demons--kysaiah-pickett,Kysaiah Pickett,8,4,12,3,1,0,4,0,0,3,0,6,1,1,3,55,67
pp-melbourne-demons--jayden-hunt,Jayden Hunt,7,3,10,3,0,0,2,0,0,3,2,2,3,0,2,38,53
pp-melbourne-demons--bayley-fritsch,Bayley Fritsch,9,1,10,6,2,1,2,0,0,3,0,1,0,1,1,66,64
pp-melbourne-demons--tom-sparrow,Tom Sparrow,5,5,10,3,0,1,6,0,0,2,2,2,1,0,0,59,59
pp-melbourne-demons--luke-jackson,Luke Jackson,6,4,10,4,0,1,2,5,1,2,2,3,0,3,1,52,44
pp-melbourne-demons--neville-jetta,Neville Jetta,4,5,9,4,0,0,1,0,0,0,0,0,2,0,0,38,63
pp-fremantle-dockers--andrew-brayshaw,Andrew Brayshaw,13,16,29,5,1,0,4,0,0,5,0,2,3,0,1,105,125
pp-fremantle-dockers--nathan-fyfe,Nathan Fyfe,10,17,27,5,0,0,5,0,2,4,9,8,2,1,4,88,109
pp-fremantle-dockers--caleb-serong,Caleb Serong,13,13,26,2,0,1,3,0,1,6,3,3,1,1,0,85,101
pp-fremantle-dockers--adam-cerra,Adam Cerra,14,10,24,7,0,1,5,0,2,8,3,2,1,1,1,102,122
pp-fremantle-dockers--luke-ryan,Luke Ryan,15,6,21,4,0,0,5,0,0,0,0,6,9,0,2,83,84
pp-fremantle-dockers--david-mundy,David Mundy,9,10,19,5,0,1,3,0,0,2,3,2,3,0,1,72,73
pp-fremantle-dockers--hayden-young,Hayden Young,17,2,19,6,0,0,0,0,0,3,0,3,8,1,1,71,88
pp-fremantle-dockers--james-aish,James Aish,14,3,17,2,0,1,1,0,0,5,4,3,4,1,0,60,65
pp-fremantle-dockers--reece-conca,Reece Conca,6,10,16,3,0,0,0,0,0,1,1,6,5,1,2,42,54
pp-fremantle-dockers--ethan-hughes,Ethan Hughes,9,7,16,4,0,0,2,0,0,1,1,5,5,2,1,60,59
pp-fremantle-dockers--sam-switkowski,Sam Switkowski,5,10,15,3,1,1,5,0,0,3,3,1,1,0,0,71,95
pp-fremantle-dockers--connor-blakely,Connor Blakely,5,9,14,2,1,0,2,0,0,2,3,2,0,1,1,51,62
pp-fremantle-dockers--travis-colyer,Travis Colyer,9,4,13,3,0,1,2,0,1,3,0,4,0,0,0,53,60
pp-fremantle-dockers--matthew-taberner,Matthew Taberner,10,3,13,4,3,1,0,0,0,3,1,0,0,0,0,67,84
pp-fremantle-dockers--blake-acres,Blake Acres,6,6,12,2,0,0,2,1,0,2,1,6,2,0,2,39,24
pp-fremantle-dockers--joel-hamling,Joel Hamling,3,7,10,0,0,0,1,2,0,0,0,1,1,3,0,32,72
pp-fremantle-dockers--brennan-cox,Brennan Cox,4,6,10,6,0,0,0,1,0,1,0,1,2,0,0,43,65
pp-fremantle-dockers--lachlan-schultz,Lachlan Schultz,9,1,10,0,1,0,5,0,1,5,0,5,0,4,1,56,67
pp-fremantle-dockers--stefan-giro,Stefan Giro,5,3,8,2,0,0,1,0,0,1,1,3,0,0,0,31,27
pp-fremantle-dockers--tobe-watson,Tobe Watson,4,4,8,3,0,0,2,0,0,1,0,2,2,0,2,31,33
pp-fremantle-dockers--liam-henry,Liam Henry,7,1,8,1,1,1,0,0,0,1,1,3,0,2,0,35,36
pp-fremantle-dockers--lloyd-meek,Lloyd Meek,0,6,6,0,0,0,1,13,0,0,1,3,0,0,1,26,43
pp-fremantle-dockers--alex-pearce,Alex Pearce,1,1,2,0,0,1,0,0,0,0,0,1,0,1,0,7,11
pp-adelaide-crows--rory-laird,Rory Laird,18,9,27,7,0,2,6,0,1,4,4,4,1,3,1,119,102
pp-adelaide-crows--ben-keays,Ben Keays,15,8,23,4,0,1,4,0,1,8,7,2,2,1,0,91,89
pp-adelaide-crows--lachlan-sholl,Lachlan Sholl,16,7,23,9,0,0,3,0,0,4,1,4,0,1,0,102,91
pp-adelaide-crows--brodie-smith,Brodie Smith,14,7,21,6,0,1,0,0,0,3,0,7,6,0,2,69,73
pp-adelaide-crows--paul-seedsman,Paul Seedsman,14,7,21,8,0,1,1,0,1,4,1,5,4,1,2,80,83
pp-adelaide-crows--rory-sloane,Rory Sloane,11,9,20,5,0,0,4,0,0,5,7,1,3,3,0,85,119
pp-adelaide-crows--taylor-walker,Taylor Walker,11,7,18,7,5,2,1,2,2,1,2,3,0,2,1,105,146
pp-adelaide-crows--tom-lynch,Tom Lynch,12,5,17,8,1,0,2,0,4,6,0,0,0,1,0,85,112
pp-adelaide-crows--harry-schoenberg,Harry Schoenberg,6,10,16,3,1,1,3,0,1,1,2,1,1,2,1,65,88
pp-adelaide-crows--james-rowe,James Rowe,11,5,16,5,2,0,3,0,0,4,2,0,0,2,0,84,104
pp-adelaide-crows--billy-frampton,Billy Frampton,10,4,14,8,2,2,0,7,0,0,0,1,2,0,0,83,89
pp-adelaide-crows--tom-doedee,Tom Doedee,9,4,13,4,0,0,4,0,0,1,1,0,5,2,0,65,97
pp-adelaide-crows--edward-mchenry,Ned McHenry,7,5,12,1,2,1,3,0,0,1,2,3,0,1,2,54,67
pp-adelaide-crows--lachlan-murphy,Lachlan Murphy,6,5,11,0,1,1,4,0,0,2,3,4,1,3,0,54,50
pp-adelaide-crows--andrew-mcpherson,Andrew McPherson,7,3,10,2,0,0,4,0,0,1,0,5,1,1,2,44,44
pp-adelaide-crows--jordon-butts,Jordon Butts,5,5,10,3,0,0,0,0,0,0,0,3,5,1,0,35,56
pp-adelaide-crows--reilly-o-brien,Reilly O'Brien,3,5,8,2,0,0,1,22,0,1,1,3,1,3,1,51,55
pp-adelaide-crows--sam-berry,Sam Berry,6,2,8,1,0,1,7,0,1,2,3,2,0,2,2,50,59
pp-adelaide-crows--mitchell-hinge,Mitchell Hinge,6,1,7,3,0,0,0,0,0,1,0,1,2,1,0,30,31
pp-adelaide-crows--shane-mcadam,Shane McAdam,3,4,7,4,1,0,1,0,1,2,0,2,0,0,1,36,42
pp-adelaide-crows--will-hamill,Will Hamill,5,1,6,0,0,0,5,0,0,0,0,0,0,0,0,37,37
pp-adelaide-crows--luke-brown,Luke Brown,2,3,5,0,0,0,2,0,0,0,0,0,0,1,0,21,25
pp-adelaide-crows--jake-kelly,Jake Kelly,2,2,4,0,0,0,2,0,0,0,0,0,3,0,0,18,27
pp-geelong-cats--patrick-dangerfield,Patrick Dangerfield,17,9,26,6,0,0,2,0,2,8,6,3,4,1,0,96,92
pp-geelong-cats--cameron-guthrie,Cameron Guthrie,11,12,23,3,1,1,5,0,0,2,6,5,2,1,4,82,104
pp-geelong-cats--shaun-higgins,Shaun Higgins,9,13,22,3,0,2,2,0,1,3,4,2,1,1,2,67,80
pp-geelong-cats--isaac-smith,Isaac Smith,15,6,21,6,2,1,2,0,0,4,0,7,2,0,0,96,68
pp-geelong-cats--thomas-stewart,Thomas Stewart,17,4,21,5,0,0,1,0,0,0,0,1,9,1,0,79,113
pp-geelong-cats--tom-atkins,Tom Atkins,9,10,19,1,0,0,4,0,1,1,1,6,0,0,5,51,82
pp-geelong-cats--joel-selwood,Joel Selwood,13,5,18,4,0,0,5,0,1,7,3,3,1,1,3,73,101
pp-geelong-cats--mark-o-connor,Mark O'Connor,8,10,18,2,0,0,0,0,0,0,1,2,0,0,1,47,76
pp-geelong-cats--brandan-parfitt,Brandan Parfitt,11,7,18,2,2,0,9,0,0,3,3,3,1,3,1,101,111
pp-geelong-cats--jordan-clark,Jordan Clark,10,8,18,1,0,0,2,0,1,3,1,1,4,0,1,54,80
pp-geelong-cats--mark-blicavs,Mark Blicavs,8,9,17,5,1,0,2,6,0,0,2,4,2,2,2,73,85
pp-geelong-cats--gryan-miers,Gryan Miers,8,8,16,3,1,0,2,0,1,3,1,6,0,0,0,63,45
pp-geelong-cats--rhys-stanley,Rhys Stanley,3,11,14,2,1,0,1,21,0,2,3,1,0,0,1,65,75
pp-geelong-cats--sam-menegola,Sam Menegola,7,7,14,5,1,0,3,0,0,1,2,3,0,1,1,66,71
pp-geelong-cats--luke-dahlhaus,Luke Dahlhaus,7,6,13,2,1,1,0,0,0,3,2,0,0,2,0,48,66
pp-geelong-cats--jake-kolodjashnij,Jake Kolodjashnij,4,9,13,7,0,0,5,0,0,1,0,0,2,0,0,71,69
pp-geelong-cats--lachlan-henderson,Lachlan Henderson,7,4,11,6,0,0,2,0,0,2,0,2,3,0,2,49,56
pp-geelong-cats--zach-guthrie,Zach Guthrie,6,5,11,4,0,1,3,0,0,1,0,0,1,0,0,53,51
pp-geelong-cats--tom-hawkins,Tom Hawkins,5,3,8,3,2,2,4,1,0,1,1,2,0,0,2,55,57
pp-geelong-cats--josh-jenkins,Josh Jenkins,5,3,8,2,0,2,2,3,1,3,1,4,0,1,2,35,43
pp-geelong-cats--jed-bews,Jed Bews,6,2,8,2,0,0,2,0,0,3,0,3,2,1,2,31,31
pp-geelong-cats--gary-rohan,Gary Rohan,5,1,6,3,1,1,1,0,2,1,0,2,0,0,2,31,40
pp-geelong-cats--charlie-constable,Charlie Constable,4,2,6,3,0,0,0,0,0,0,1,0,1,0,0,25,19
pp-brisbane-lions--jarryd-lyons,Jarryd Lyons,14,14,28,3,1,0,2,0,1,5,6,2,3,2,0,95,100
pp-brisbane-lions--lachie-neale,Lachie Neale,8,16,24,4,0,0,0,0,1,4,7,3,2,0,0,68,77
pp-brisbane-lions--daniel-rich,Daniel Rich,21,2,23,8,0,0,1,0,0,2,0,4,11,0,0,95,72
pp-brisbane-lions--dayne-zorko,Dayne Zorko,15,7,22,6,1,2,6,0,0,6,4,6,2,1,5,95,114
pp-brisbane-lions--hugh-mccluggage,Hugh McCluggage,14,4,18,5,1,0,3,0,2,3,2,3,1,1,2,78,68
pp-brisbane-lions--lincoln-mccarthy,Lincoln McCarthy,11,5,16,2,2,0,3,0,0,1,1,4,1,2,1,72,85
pp-brisbane-lions--jarrod-berry,Jarrod Berry,10,6,16,3,1,0,2,0,1,3,1,4,2,1,2,60,65
pp-brisbane-lions--zac-bailey,Zac Bailey,13,3,16,0,3,0,2,0,0,10,2,8,0,2,5,58,74
pp-brisbane-lions--callum-ah-chee,Callum Ah Chee,6,6,12,0,0,0,3,0,1,2,0,4,1,0,2,36,62
pp-brisbane-lions--oscar-mcinerney,Oscar McInerney,7,5,12,3,1,1,2,24,0,2,2,3,1,3,2,76,109
pp-brisbane-lions--jack-payne,Jack Payne,6,6,12,3,0,0,0,0,1,2,0,1,1,0,0,39,57
pp-brisbane-lions--grant-birchall,Grant Birchall,8,3,11,5,0,0,1,0,0,2,0,0,1,0,0,49,50
pp-brisbane-lions--harris-andrews,Harris Andrews,8,3,11,4,0,0,1,0,0,0,0,2,5,1,1,44,74
pp-brisbane-lions--harry-sharp,Harry Sharp,8,3,11,1,0,0,3,0,1,2,0,4,1,0,1,42,51
pp-brisbane-lions--mitch-robinson,Mitch Robinson,8,2,10,2,0,0,5,0,0,2,2,1,3,1,0,55,53
pp-brisbane-lions--joe-daniher,Joe Daniher,8,2,10,2,2,2,0,1,0,3,0,3,0,2,2,45,54
pp-brisbane-lions--charlie-cameron,Charlie Cameron,7,3,10,2,0,0,1,0,1,3,3,0,0,2,0,39,42
pp-brisbane-lions--ryan-lester,Ryan Lester,5,4,9,3,0,0,1,0,0,0,0,2,0,2,1,35,62
pp-brisbane-lions--eric-hipwood,Eric Hipwood,4,5,9,3,1,0,1,0,0,3,0,7,0,0,4,29,25
pp-brisbane-lions--brandon-starcevich,Brandon Starcevich,6,3,9,2,0,0,0,0,0,0,1,1,2,1,0,31,55
pp-brisbane-lions--tom-fullarton,Tom Fullarton,4,4,8,1,0,0,0,1,1,1,0,1,0,0,1,21,38
pp-brisbane-lions--keidean-coleman,Keidean Coleman,4,4,8,1,1,1,4,0,1,1,1,2,1,1,1,44,59
pp-sydney-swans--callum-mills,Callum Mills,14,15,29,8,2,0,3,0,1,2,3,4,4,1,0,121,154
pp-sydney-swans--jake-lloyd,Jake Lloyd,13,11,24,3,0,0,3,0,0,1,1,4,8,0,2,76,98
pp-sydney-swans--luke-parker,Luke Parker,11,12,23,5,2,0,3,0,1,2,3,6,0,1,0,97,83
pp-sydney-swans--tom-hickey,Tom Hickey,12,11,23,3,0,0,1,24,1,5,9,3,2,3,2,92,123
pp-sydney-swans--dane-rampe,Dane Rampe,16,6,22,5,0,0,3,0,0,4,1,6,7,3,4,78,75
pp-sydney-swans--james-rowbottom,James Rowbottom,9,13,22,0,0,0,8,0,1,3,3,1,0,4,0,89,117
pp-sydney-swans--jordan-dawson,Jordan Dawson,13,8,21,1,0,0,0,0,0,1,0,2,8,3,0,61,79
pp-sydney-swans--george-hewett,George Hewett,15,5,20,6,0,0,2,0,0,3,0,4,2,2,0,83,60
pp-sydney-swans--chad-warner,Chad Warner,10,9,19,1,0,0,3,0,1,8,3,2,0,0,2,57,70
pp-sydney-swans--errol-gulden,Errol Gulden,17,2,19,10,3,1,1,0,3,7,1,3,1,3,1,108,139
pp-sydney-swans--josh-p--kennedy,Josh P. Kennedy,8,9,17,2,0,2,3,0,1,2,2,7,0,0,1,59,50
pp-sydney-swans--oliver-florent,Oliver Florent,8,8,16,3,0,0,5,0,1,3,2,5,4,1,3,61,97
pp-sydney-swans--tom-papley,Tom Papley,12,3,15,6,1,1,0,0,2,2,1,0,0,1,0,68,79
pp-sydney-swans--nick-blakey,Nick Blakey,13,2,15,5,1,0,2,0,0,3,0,2,0,1,0,73,57
pp-sydney-swans--isaac-heeney,Isaac Heeney,12,1,13,8,3,2,1,0,4,5,0,2,0,0,2,80,115
pp-sydney-swans--sam-wicks,Sam Wicks,6,6,12,2,2,0,5,0,0,1,0,1,0,1,0,69,75
pp-sydney-swans--braeden-campbell,Braeden Campbell,6,6,12,2,0,0,2,0,0,1,1,1,2,2,0,46,56
pp-sydney-swans--tom-mccartin,Tom McCartin,9,2,11,4,0,0,1,0,0,1,0,3,1,2,0,49,59
pp-sydney-swans--logan-mcdonald,Logan McDonald,9,2,11,5,3,1,0,0,0,2,0,1,0,0,0,65,88
pp-sydney-swans--harry-cunningham,Harry Cunningham,6,3,9,1,0,0,4,0,0,0,0,2,3,1,2,38,54
pp-sydney-swans--hayden-mclean,Hayden McLean,5,4,9,4,0,0,0,1,3,2,0,3,0,1,2,31,49
pp-sydney-swans--sam-reid-1,Sam Reid,5,1,6,5,2,1,2,5,0,1,0,1,0,0,1,55,76
pp-essendon-bombers--andrew-mcgrath,Andrew McGrath,17,16,33,2,1,1,11,0,0,7,5,3,4,4,1,141,133
pp-essendon-bombers--zachary-merrett,Zachary Merrett,18,13,31,4,1,0,3,0,1,8,2,7,4,1,0,111,105
pp-essendon-bombers--dyson-heppell,Dyson Heppell,13,12,25,6,0,0,0,0,1,3,1,1,2,2,0,83,89
pp-essendon-bombers--nick-hind,Nick Hind,18,7,25,6,0,0,4,0,0,8,1,5,6,1,1,100,77
pp-essendon-bombers--jye-caldwell,Jye Caldwell,9,13,22,4,0,1,9,0,1,2,3,4,0,2,0,104,74
pp-essendon-bombers--jordan-ridley,Jordan Ridley,16,5,21,6,0,0,3,0,0,0,0,0,10,2,0,90,125
pp-essendon-bombers--kyle-langford,Kyle Langford,10,9,19,5,0,0,3,0,1,1,3,2,0,1,0,76,71
pp-essendon-bombers--darcy-parish,Darcy Parish,9,9,18,4,1,1,4,0,1,6,3,1,0,1,0,81,99
pp-essendon-bombers--dylan-shiel,Dylan Shiel,8,9,17,3,2,0,4,0,1,4,4,0,0,0,0,79,104
pp-essendon-bombers--brayden-ham,Brayden Ham,7,10,17,2,0,0,4,0,0,2,1,2,0,0,0,63,53
pp-essendon-bombers--peter-wright,Peter Wright,9,7,16,3,1,0,0,6,1,3,1,4,2,2,1,61,62
pp-essendon-bombers--anthony-mcdonald-tipungwuti,Anthony M-Tipungwuti,9,7,16,4,2,1,1,0,2,4,0,1,0,1,0,71,71
pp-essendon-bombers--mason-redman,Mason Redman,9,6,15,4,0,1,0,0,0,2,0,1,2,0,0,52,49
pp-essendon-bombers--aaron-francis,Aaron Francis,5,9,14,3,0,0,1,0,0,1,0,4,0,1,1,44,51
pp-essendon-bombers--will-snelling,Will Snelling,5,9,14,2,1,0,5,0,0,2,0,2,0,0,0,65,66
pp-essendon-bombers--harrison-jones-1,Harrison Jones,9,4,13,5,0,3,2,0,0,0,0,2,0,2,0,63,48
pp-essendon-bombers--devon-smith,Devon Smith,7,5,12,2,2,1,4,0,1,3,0,2,0,1,1,64,78
pp-essendon-bombers--jayden-laverde,Jayden Laverde,4,8,12,2,0,0,2,0,0,1,0,2,3,1,1,40,51
pp-essendon-bombers--sam-draper,Sam Draper,5,5,10,2,1,1,5,24,0,3,4,4,1,2,2,78,76
pp-essendon-bombers--ned-cahill,Ned Cahill,6,4,10,1,0,0,2,0,0,1,1,3,4,0,1,34,37
pp-essendon-bombers--nikolas-cox,Nikolas Cox,5,4,9,3,0,0,1,0,0,3,0,4,1,0,3,27,33
pp-essendon-bombers--cale-hooker,Cale Hooker,3,5,8,3,1,1,1,1,0,0,0,0,0,1,0,41,45
pp-hawthorn-hawks--tom-mitchell,Tom Mitchell,11,28,39,1,0,0,5,0,1,4,2,4,3,0,2,106,135
pp-hawthorn-hawks--jaeger-o-meara,Jaeger O'Meara,11,19,30,2,0,1,4,0,0,5,9,4,3,0,2,88,101
pp-hawthorn-hawks--will-day,Will Day,17,11,28,8,0,0,3,0,0,1,3,5,7,0,2,103,122
pp-hawthorn-hawks--changkuoth-jiath,Changkuoth Jiath,7,15,22,4,0,1,2,0,1,3,1,4,0,1,2,67,69
pp-hawthorn-hawks--blake-hardwick,Blake Hardwick,14,7,21,7,0,0,4,0,0,1,0,1,6,1,1,91,90
pp-hawthorn-hawks--tom-phillips,Tom Phillips,10,11,21,7,1,0,2,0,0,3,2,1,4,0,0,87,90
pp-hawthorn-hawks--jarman-impey,Jarman Impey,15,5,20,5,0,0,1,0,0,3,1,5,7,0,0,74,64
pp-hawthorn-hawks--harry-morrison,Harry Morrison,13,7,20,5,2,0,3,0,0,2,2,4,3,0,1,89,96
pp-hawthorn-hawks--liam-shiels,Liam Shiels,8,11,19,2,0,0,6,0,3,6,2,2,1,0,2,70,97
pp-hawthorn-hawks--daniel-howe,Daniel Howe,11,8,19,7,0,0,1,0,0,6,0,6,1,1,1,72,60
pp-hawthorn-hawks--dylan-moore,Dylan Moore,7,12,19,3,3,0,3,0,0,0,1,0,0,2,0,86,97
pp-hawthorn-hawks--luke-breust,Luke Breust,7,11,18,4,1,2,2,0,1,1,0,1,0,1,0,72,80
pp-hawthorn-hawks--shaun-burgoyne,Shaun Burgoyne,11,6,17,1,0,0,3,0,0,2,0,3,5,0,1,57,54
pp-hawthorn-hawks--sam-frost,Sam Frost,7,10,17,4,0,0,1,0,0,0,1,0,5,0,0,57,92
pp-hawthorn-hawks--james-worpel,James Worpel,12,5,17,4,0,0,3,0,0,2,2,2,0,0,1,67,45
pp-hawthorn-hawks--jonathon-ceglar,Jonathon Ceglar,10,6,16,5,1,0,2,14,0,7,3,5,0,2,2,81,86
pp-hawthorn-hawks--ben-mcevoy,Ben McEvoy,8,6,14,7,1,0,4,14,0,0,4,2,3,1,2,88,89
pp-hawthorn-hawks--oliver-hanrahan,Oliver Hanrahan,8,4,12,4,1,1,2,0,0,2,0,1,0,3,0,62,41
pp-hawthorn-hawks--kyle-hartigan,Kyle Hartigan,5,4,9,4,0,0,0,0,0,0,0,2,3,0,1,32,48
pp-hawthorn-hawks--tyler-brockman,Tyler Brockman,5,4,9,3,2,0,1,0,0,1,0,5,0,0,1,45,22
pp-hawthorn-hawks--tim-o-brien,Tim O'Brien,7,1,8,6,2,0,2,0,2,3,0,3,0,0,3,52,72
pp-hawthorn-hawks--jacob-koschitzke,Jacob Koschitzke,3,4,7,3,0,1,5,0,1,1,0,2,0,0,1,44,53
pp-kangaroos--jaidyn-stephenson,Jaidyn Stephenson,17,16,33,5,0,2,7,0,0,5,5,4,4,3,1,128,112
pp-kangaroos--jack-ziebell,Jack Ziebell,19,6,25,4,0,0,3,0,0,1,0,2,10,2,0,95,113
pp-kangaroos--jy-simpkin,Jy Simpkin,10,13,23,2,0,0,2,0,1,4,6,4,1,1,2,65,87
pp-kangaroos--jared-polec,Jared Polec,13,9,22,2,0,0,2,0,0,3,3,5,3,2,3,64,68
pp-kangaroos--shaun-atley,Shaun Atley,12,8,20,4,0,0,3,0,0,4,1,3,2,3,0,79,87
pp-kangaroos--luke-davies-uniacke,Luke D-Uniacke,11,9,20,4,1,1,5,0,0,3,2,3,2,1,3,82,114
pp-kangaroos--todd-goldstein,Todd Goldstein,4,15,19,1,1,0,3,25,0,1,5,1,0,5,1,90,109
pp-kangaroos--tom-powell,Tom Powell,12,7,19,3,1,1,1,0,1,2,0,4,4,1,1,68,53
pp-kangaroos--bailey-scott,Bailey Scott,13,4,17,6,2,2,4,0,0,1,1,2,2,1,1,93,93
pp-kangaroos--connor-menadue,Connor Menadue,8,8,16,5,0,0,1,0,0,2,0,3,2,2,0,61,62
pp-kangaroos--tarryn-thomas,Tarryn Thomas,8,7,15,3,2,0,3,0,0,6,1,4,0,2,1,70,74
pp-kangaroos--jack-mahony,Jack Mahony,11,3,14,3,1,1,3,0,1,2,2,7,0,3,2,64,48
pp-kangaroos--lachie-young,Lachie Young,8,6,14,3,0,0,2,0,0,2,0,1,4,2,0,55,85
pp-kangaroos--dom-tyson,Dom Tyson,5,8,13,6,0,0,3,0,0,3,0,4,0,0,1,58,29
pp-kangaroos--aidan-corr,Aidan Corr,7,5,12,5,0,0,0,0,0,0,0,1,3,0,0,46,74
pp-kangaroos--kayne-turner,Kayne Turner,2,10,12,2,0,1,4,0,0,0,1,6,0,0,2,43,51
pp-kangaroos--ben-mckay,Ben McKay,5,6,11,4,0,0,3,0,0,2,1,2,1,2,2,47,69
pp-kangaroos--cameron-zurhaar,Cameron Zurhaar,5,5,10,1,0,0,4,0,0,3,0,3,0,0,1,41,26
pp-kangaroos--aiden-bonar,Aiden Bonar,7,3,10,4,0,0,1,0,0,0,0,1,3,1,1,41,49
pp-kangaroos--curtis-taylor,Curtis Taylor,5,5,10,2,0,0,0,0,1,3,0,2,0,2,0,33,41
pp-kangaroos--joshua-walker,Joshua Walker,6,1,7,6,1,1,1,0,0,1,0,1,0,0,1,46,44
pp-kangaroos--nick-larkey,Nick Larkey,4,3,7,1,0,0,0,3,2,2,1,0,1,0,0,24,43
pp-kangaroos--charlie-lazzaro,Charlie Lazzaro,1,0,1,1,0,0,1,0,0,0,0,1,1,0,0,10,3
pp-port-adelaide-power--oliver-wines,Oliver Wines,15,15,30,5,0,0,2,0,0,8,5,7,0,2,3,91,81
pp-port-adelaide-power--travis-boak,Travis Boak,17,10,27,3,2,1,4,0,2,6,7,3,1,3,1,109,160
pp-port-adelaide-power--dan-houston,Dan Houston,18,8,26,3,0,1,1,0,1,6,0,5,6,1,1,82,82
pp-port-adelaide-power--steven-motlop,Steven Motlop,16,8,24,12,1,0,2,0,0,6,0,3,0,1,1,112,92
pp-port-adelaide-power--robert-gray,Robbie Gray,11,8,19,3,0,1,1,0,2,1,7,1,2,2,0,65,82
pp-port-adelaide-power--darcy-byrne-jones,Darcy B-Jones,13,6,19,5,0,0,1,0,1,0,2,3,5,1,2,65,62
pp-port-adelaide-power--ryan-burton,Ryan Burton,12,7,19,5,0,0,3,0,0,1,1,3,7,2,2,73,96
pp-port-adelaide-power--willem-drew,Willem Drew,6,11,17,1,0,0,11,0,0,2,6,5,0,2,3,80,83
pp-port-adelaide-power--karl-amon,Karl Amon,12,4,16,4,1,0,3,0,0,3,0,1,3,0,0,74,110
pp-port-adelaide-power--zak-butters,Zak Butters,11,5,16,5,2,1,4,0,1,3,1,4,1,1,3,79,98
pp-port-adelaide-power--peter-ladhams,Peter Ladhams,7,8,15,4,0,0,2,7,1,3,2,2,0,0,1,61,45
pp-port-adelaide-power--aliir-aliir,Aliir Aliir,11,3,14,4,0,0,1,0,0,1,0,5,6,1,4,44,74
pp-port-adelaide-power--orazio-fantasia,Orazio Fantasia,11,3,14,3,4,4,2,0,1,4,0,2,0,0,1,81,94
pp-port-adelaide-power--riley-bonner,Riley Bonner,11,3,14,2,1,0,1,0,1,5,0,3,1,0,1,52,72
pp-port-adelaide-power--xavier-duursma,Xavier Duursma,8,6,14,5,1,0,1,0,0,1,0,6,1,1,3,53,51
pp-port-adelaide-power--miles-bergman,Miles Bergman,7,7,14,2,0,0,3,0,0,1,0,4,3,0,0,53,31
pp-port-adelaide-power--scott-lycett,Scott Lycett,5,8,13,2,1,0,5,28,0,3,3,3,0,3,2,88,94
pp-port-adelaide-power--tom-clurey,Tom Clurey,9,3,12,8,0,0,2,0,0,0,0,0,2,0,0,65,81
pp-port-adelaide-power--tom-rockliff,Tom Rockliff,3,8,11,0,0,1,0,0,0,1,2,0,0,1,0,27,25
pp-port-adelaide-power--charlie-dixon,Charlie Dixon,6,5,11,3,2,2,0,1,1,0,0,4,0,1,3,44,88
pp-port-adelaide-power--kane-farrell,Kane Farrell,6,5,11,1,0,1,1,0,0,3,0,1,0,0,1,33,28
pp-port-adelaide-power--todd-marshall,Todd Marshall,9,1,10,5,2,1,0,0,0,1,0,2,1,1,1,55,74
pp-port-adelaide-power--thomas-jonas,Thomas Jonas,5,4,9,2,0,0,4,0,0,1,0,1,1,0,0,45,63
pp-gold-coast-suns--jack-bowes,Jack Bowes,28,2,30,14,0,0,2,0,0,1,1,2,7,0,1,135,146
pp-gold-coast-suns--david-swallow,David Swallow,14,15,29,5,1,1,3,0,0,1,2,1,4,1,0,107,119
pp-gold-coast-suns--jack-lukosius,Jack Lukosius,20,3,23,11,0,2,1,0,0,4,1,1,5,0,0,105,102
pp-gold-coast-suns--lachlan-weller,Lachlan Weller,13,8,21,6,1,0,3,0,0,4,3,7,1,1,2,86,73
pp-gold-coast-suns--charlie-ballard,Charlie Ballard,17,4,21,12,0,0,0,0,0,0,0,5,1,1,2,90,87
pp-gold-coast-suns--touk-miller,Touk Miller,11,9,20,1,1,1,2,0,0,4,4,3,0,2,1,68,80
pp-gold-coast-suns--oleg-markov,Oleg Markov,17,3,20,14,0,0,2,0,0,0,0,3,3,1,0,108,89
pp-gold-coast-suns--brandon-ellis,Brandon Ellis,14,5,19,9,0,0,2,0,1,4,0,2,0,0,1,84,64
pp-gold-coast-suns--noah-anderson,Noah Anderson,13,6,19,3,0,0,3,0,0,1,3,8,1,0,2,66,55
pp-gold-coast-suns--samuel-collins,Samuel Collins,15,3,18,10,0,0,2,0,0,0,0,3,6,4,0,93,97
pp-gold-coast-suns--will-brodie,Will Brodie,9,9,18,2,0,1,0,0,0,1,5,3,0,1,1,50,54
pp-gold-coast-suns--wil-powell,Wil Powell,11,7,18,5,0,0,2,0,0,1,1,1,5,1,0,71,88
pp-gold-coast-suns--darcy-macpherson,Darcy Macpherson,11,6,17,6,0,0,0,0,0,3,2,2,0,0,0,63,65
pp-gold-coast-suns--sean-lemmens,Sean Lemmens,11,5,16,7,0,0,2,0,0,2,0,3,3,0,3,63,62
pp-gold-coast-suns--jarrod-witts,Jarrod Witts,6,6,12,3,0,0,4,31,0,0,3,3,1,0,1,83,75
pp-gold-coast-suns--alex-sexton,Alex Sexton,9,3,12,6,1,1,1,0,2,6,0,1,1,0,0,62,71
pp-gold-coast-suns--ben-king,Ben King,9,3,12,7,3,1,0,0,0,5,0,4,0,2,0,75,57
pp-gold-coast-suns--connor-budarick,Connor Budarick,7,5,12,6,0,0,1,0,0,1,0,4,1,0,3,44,41
pp-gold-coast-suns--izak-rankine,Izak Rankine,4,7,11,3,0,1,1,0,1,2,2,2,0,0,1,37,41
pp-gold-coast-suns--sam-day,Sam Day,3,7,10,2,0,2,1,0,0,0,0,3,0,0,2,29,34
pp-gold-coast-suns--hugh-greenwood,Hugh Greenwood,7,3,10,2,0,0,5,0,0,3,1,1,0,0,0,53,50
pp-gold-coast-suns--nicholas-holman,Nicholas Holman,4,5,9,3,1,0,1,0,0,1,1,0,0,0,0,41,53
pp-gold-coast-suns--matt-rowell,Matt Rowell,3,1,4,0,0,0,1,0,0,0,1,2,0,1,0,16,6
pp-west-coast-eagles--dominic-sheed,Dominic Sheed,23,11,34,12,0,1,3,0,1,4,9,7,4,1,1,138,98
pp-west-coast-eagles--shannon-hurn,Shannon Hurn,23,8,31,12,0,0,2,0,0,3,0,2,4,0,0,129,118
pp-west-coast-eagles--tim-kelly,Tim Kelly,19,9,28,7,0,1,3,0,1,9,5,0,1,2,0,111,114
pp-west-coast-eagles--jack-redden,Jack Redden,11,11,22,7,0,0,2,0,0,4,3,4,2,0,1,81,78
pp-west-coast-eagles--tom-barrass,Tom Barrass,15,7,22,13,0,0,2,0,0,2,0,2,1,0,1,103,117
pp-west-coast-eagles--liam-duggan,Liam Duggan,15,7,22,7,0,0,0,0,0,2,2,2,0,0,2,74,62
pp-west-coast-eagles--tom-cole,Tom Cole,14,8,22,8,0,0,1,0,0,2,1,1,5,1,0,87,100
pp-west-coast-eagles--jamie-cripps,Jamie Cripps,12,8,20,8,1,3,1,0,0,3,0,2,0,2,1,88,85
pp-west-coast-eagles--jackson-nelson,Jackson Nelson,14,5,19,5,0,0,1,0,0,1,0,1,1,0,0,71,72
pp-west-coast-eagles--bradley-sheppard,Bradley Sheppard,13,5,18,8,0,0,1,0,1,2,1,2,4,0,0,77,64
pp-west-coast-eagles--jeremy-mcgovern,Jeremy McGovern,15,3,18,7,0,0,2,0,0,0,0,2,7,1,1,78,91
pp-west-coast-eagles--xavier-o-neill,Xavier O'Neill,9,9,18,2,0,0,2,0,0,2,0,2,0,1,0,60,60
pp-west-coast-eagles--andrew-gaff,Andrew Gaff,12,4,16,8,0,1,1,0,0,2,1,1,2,0,1,70,57
pp-west-coast-eagles--josh-rotham,Josh Rotham,12,4,16,9,0,0,2,0,0,0,0,2,3,1,0,80,71
pp-west-coast-eagles--nicholas-naitanui,Nicholas Naitanui,4,10,14,0,0,1,1,22,1,3,6,2,0,1,1,57,86
pp-west-coast-eagles--jack-darling,Jack Darling,8,6,14,4,2,1,3,0,0,3,1,4,0,2,2,69,78
pp-west-coast-eagles--oscar-allen,Oscar Allen,11,2,13,9,4,0,2,0,0,0,0,2,2,3,1,96,98
pp-west-coast-eagles--liam-ryan,Liam Ryan,10,2,12,4,1,0,2,0,1,7,0,1,0,2,0,62,70
pp-west-coast-eagles--zac-giles-langdon,Zac Langdon,6,6,12,6,0,1,1,0,1,1,0,2,0,2,1,52,54
pp-west-coast-eagles--joshua-kennedy,Joshua Kennedy,8,2,10,5,2,2,1,0,1,2,0,3,0,1,2,56,54
pp-west-coast-eagles--jack-petruccelle,Jack Petruccelle,3,3,6,1,1,0,1,0,0,0,1,0,0,0,0,28,31
pp-west-coast-eagles--nathan-vardy,Nathan Vardy,2,1,3,3,1,0,0,1,0,0,0,0,0,0,0,24,34
pp-greater-western-sydney-giants--jacob-hopper,Jacob Hopper,13,14,27,1,1,0,3,0,3,8,6,8,1,2,2,84,110
pp-greater-western-sydney-giants--joshua-kelly,Joshua Kelly,15,11,26,3,0,0,4,0,0,3,5,4,4,2,1,91,98
pp-greater-western-sydney-giants--tim-taranto,Tim Taranto,19,7,26,3,1,2,4,0,0,7,3,3,0,2,1,103,107
pp-greater-western-sydney-giants--harry-perryman,Harry Perryman,15,11,26,7,0,1,3,0,0,4,0,4,7,0,0,101,104
pp-greater-western-sydney-giants--callan-ward,Callan Ward,12,13,25,4,1,0,2,1,0,3,4,3,0,2,2,85,110
pp-greater-western-sydney-giants--stephen-coniglio,Stephen Coniglio,19,5,24,0,1,0,2,0,0,8,5,4,3,4,0,85,88
pp-greater-western-sydney-giants--isaac-cumming,Isaac Cumming,13,9,22,3,0,0,3,0,0,1,1,6,6,0,0,78,81
pp-greater-western-sydney-giants--lachlan-ash,Lachlan Ash,16,5,21,3,0,0,0,0,0,5,0,4,5,1,1,65,63
pp-greater-western-sydney-giants--nick-haynes,Nick Haynes,16,3,19,7,0,0,0,0,0,3,1,5,2,1,1,73,89
pp-greater-western-sydney-giants--toby-greene,Toby Greene,13,6,19,2,1,3,1,0,1,3,2,3,0,3,0,73,86
pp-greater-western-sydney-giants--matthew-flynn,Matthew Flynn,7,11,18,6,0,0,0,34,0,5,5,1,3,4,0,99,140
pp-greater-western-sydney-giants--tom-green,Tom Green,3,13,16,1,1,0,2,0,0,1,1,4,0,0,1,49,50
pp-greater-western-sydney-giants--matthew-deboer,Matthew De Boer,6,8,14,2,0,0,3,0,0,3,3,2,1,2,0,54,60
pp-greater-western-sydney-giants--sam-taylor,Sam Taylor,3,11,14,1,0,0,1,0,0,1,0,2,2,0,0,38,70
pp-greater-western-sydney-giants--harrison-himmelberg,Harrison Himmelberg,9,3,12,3,3,1,2,1,2,3,1,3,0,4,1,71,93
pp-greater-western-sydney-giants--lachlan-keeffe,Lachlan Keeffe,7,4,11,3,1,0,1,11,0,2,0,3,0,1,0,60,57
pp-greater-western-sydney-giants--phil-davis,Phil Davis,7,3,10,4,0,0,0,0,0,0,0,2,3,0,1,36,55
pp-greater-western-sydney-giants--jack-buckley,Jack Buckley,6,4,10,1,0,1,4,0,1,1,1,2,2,1,1,44,62
pp-greater-western-sydney-giants--connor-idun,Connor Idun,7,2,9,3,0,0,1,0,0,3,0,1,1,0,0,38,46
pp-greater-western-sydney-giants--tanner-bruhn,Tanner Bruhn,2,7,9,0,0,0,2,0,1,0,1,0,0,1,0,29,48
pp-greater-western-sydney-giants--ian-hill,Ian Hill,6,2,8,2,1,0,6,0,1,3,1,3,1,0,2,52,51
pp-greater-western-sydney-giants--samuel-reid,Samuel Reid,4,0,4,1,0,1,2,0,0,1,0,0,2,0,0,24,21
pp-st-kilda-saints--jack-billings,Jack Billings,15,15,30,5,1,0,1,0,0,4,2,2,0,0,0,100,114
pp-st-kilda-saints--jade-gresham,Jade Gresham,21,7,28,5,0,0,3,0,1,7,5,8,0,0,3,95,82
pp-st-kilda-saints--hunter-clark,Hunter Clark,17,7,24,4,0,0,5,0,1,5,6,4,5,0,2,91,113
pp-st-kilda-saints--tim-membrey,Tim Membrey,15,6,21,7,3,0,0,2,1,7,0,3,1,2,0,100,108
pp-st-kilda-saints--sebastian-ross,Sebastian Ross,11,8,19,4,2,0,2,0,0,4,4,4,0,0,0,81,87
pp-st-kilda-saints--jack-steele,Jack Steele,13,6,19,0,0,1,9,0,1,5,8,7,3,2,4,78,91
pp-st-kilda-saints--tom-highmore,Tom Highmore,10,9,19,2,0,0,4,0,0,2,2,6,4,1,3,62,60
pp-st-kilda-saints--jack-sinclair,Jack Sinclair,11,7,18,2,0,1,2,0,1,2,2,3,4,0,1,59,82
pp-st-kilda-saints--dougal-howard,Dougal Howard,15,2,17,1,0,0,1,0,0,1,0,2,9,0,0,56,99
pp-st-kilda-saints--ben-long,Ben Long,13,4,17,5,0,0,1,0,0,2,3,3,4,0,1,63,79
pp-st-kilda-saints--nicholas-coffield,Nicholas Coffield,13,4,17,4,0,0,3,0,0,1,1,6,6,1,0,72,66
pp-st-kilda-saints--bradley-hill,Bradley Hill,8,8,16,3,1,1,2,0,0,1,3,2,3,0,1,61,68
pp-st-kilda-saints--jimmy-webster,Jimmy Webster,9,4,13,4,0,0,1,0,0,0,0,3,4,0,1,48,51
pp-st-kilda-saints--jack-bytel,Jack Bytel,9,4,13,1,0,0,10,0,0,5,6,2,1,1,0,79,74
pp-st-kilda-saints--jack-higgins,Jack Higgins,8,4,12,3,2,1,4,0,1,4,2,2,0,1,1,68,77
pp-st-kilda-saints--callum-wilkie,Callum Wilkie,8,4,12,0,0,0,2,0,0,0,0,4,4,2,2,36,46
pp-st-kilda-saints--jack-lonie,Jack Lonie,6,5,11,2,2,0,3,0,0,1,0,0,0,0,0,58,62
pp-st-kilda-saints--josh-battle,Josh Battle,8,3,11,1,1,1,3,0,0,2,0,2,2,2,1,51,58
pp-st-kilda-saints--daniel-butler,Daniel Butler,9,1,10,0,1,0,7,0,1,2,1,2,0,1,1,61,60
pp-st-kilda-saints--daniel-mckenzie,Daniel McKenzie,6,3,9,2,0,0,4,0,0,2,0,1,1,0,0,46,44
pp-st-kilda-saints--paul-hunter,Paul Hunter,5,4,9,1,0,0,2,19,0,0,1,4,2,0,3,44,44
pp-st-kilda-saints--shaun-mckernan,Shaun McKernan,5,1,6,0,0,0,3,17,0,1,3,8,2,1,5,32,46
